PRAGMA foreign_keys=OFF;
BEGIN TRANSACTION;
CREATE TABLE "schema_migrations" ("version" varchar(255) NOT NULL);
INSERT INTO "schema_migrations" VALUES('20130504054827');
INSERT INTO "schema_migrations" VALUES('20130504054828');
INSERT INTO "schema_migrations" VALUES('20130504054830');
INSERT INTO "schema_migrations" VALUES('20130504054832');
INSERT INTO "schema_migrations" VALUES('20130504054834');
INSERT INTO "schema_migrations" VALUES('20130504054835');
INSERT INTO "schema_migrations" VALUES('20130504054837');
INSERT INTO "schema_migrations" VALUES('20130504054839');
CREATE TABLE "providers" ("id" INTEGER PRIMARY KEY AUTOINCREMENT NOT NULL, "name" varchar(255), "created_at" datetime NOT NULL, "updated_at" datetime NOT NULL);
INSERT INTO "providers" VALUES(1,'Amazon','2013-05-01 06:24:17.913384','2013-05-01 06:24:17.913384');
INSERT INTO "providers" VALUES(2,'GoGrid','2013-05-01 06:24:28.317084','2013-05-01 06:24:28.317084');
INSERT INTO "providers" VALUES(3,'CloudSigma','2013-05-01 06:26:09.388040','2013-05-01 06:26:09.388040');
CREATE TABLE "operatingsystems" ("id" INTEGER PRIMARY KEY AUTOINCREMENT NOT NULL, "name" varchar(255), "created_at" datetime NOT NULL, "updated_at" datetime NOT NULL);
INSERT INTO "operatingsystems" VALUES(1,'Linux','2013-05-02 07:33:44.800189','2013-05-02 07:33:44.800189');
INSERT INTO "operatingsystems" VALUES(2,'Windows','2013-05-02 07:33:56.325955','2013-05-02 07:33:56.325955');
CREATE TABLE "geos" ("id" INTEGER PRIMARY KEY AUTOINCREMENT NOT NULL, "city" varchar(255), "continent" varchar(255), "created_at" datetime NOT NULL, "updated_at" datetime NOT NULL);
INSERT INTO "geos" VALUES(1,'Sydney','Oceania','2013-05-01 06:28:27.510935','2013-05-01 06:28:27.510935');
INSERT INTO "geos" VALUES(2,'Zurich','Europe','2013-05-01 06:29:15.252601','2013-05-01 06:29:15.252601');
INSERT INTO "geos" VALUES(3,'Las Vagas','North America','2013-05-01 06:29:36.488781','2013-05-02 12:40:55.625221');
INSERT INTO "geos" VALUES(4,'San Francisco','North America','2013-05-02 12:40:37.695314','2013-05-02 12:40:48.544281');
INSERT INTO "geos" VALUES(5,'Amsterdam','Europe','2013-05-02 12:41:11.453594','2013-05-02 12:41:11.453594');
CREATE TABLE "servicetypes" ("id" INTEGER PRIMARY KEY AUTOINCREMENT NOT NULL, "stype" varchar(255), "contract_day" integer, "isstable" boolean, "isflexiblefee" boolean, "created_at" datetime NOT NULL, "updated_at" datetime NOT NULL);
INSERT INTO "servicetypes" VALUES(1,'Spot',1,'f','t','2013-05-01 11:46:38.306854','2013-05-03 13:11:50.911158');
INSERT INTO "servicetypes" VALUES(2,'NoContract',0,'t','f','2013-05-01 11:46:27.040585','2013-05-03 13:09:11.229126');
INSERT INTO "servicetypes" VALUES(3,'Contract',30,'t','f','2013-05-01 11:47:04.824895','2013-05-01 11:47:04.824895');
INSERT INTO "servicetypes" VALUES(4,'Contract',90,'t','f','2013-05-01 11:47:32.931084','2013-05-01 11:47:32.931084');
INSERT INTO "servicetypes" VALUES(5,'Contract',365,'t','f','2013-05-01 11:47:55.972069','2013-05-01 11:47:55.972069');
INSERT INTO "servicetypes" VALUES(6,'Contract',1095,'t','f','2013-05-01 11:48:08.638753','2013-05-01 11:48:08.638753');
INSERT INTO "servicetypes" VALUES(8,'Contract',180,'t','f','2013-05-01 11:48:25.115841','2013-05-01 11:48:25.115841');
CREATE TABLE "resourcesets" ("id" INTEGER PRIMARY KEY AUTOINCREMENT NOT NULL, "provider_id" integer, "name" varchar(255), "cpu" float, "ram" float, "hdd" float, "iscustomizable" boolean, "created_at" datetime NOT NULL, "updated_at" datetime NOT NULL);
INSERT INTO "resourcesets" VALUES(1,1,'m1.small',1.0,1700.0,160.0,'f','2013-05-02 12:06:13.190938','2013-05-02 12:07:38.442415');
INSERT INTO "resourcesets" VALUES(2,1,'m1.medium',2.0,3750.0,410.0,'f','2013-05-02 12:07:15.557300','2013-05-02 12:07:23.296960');
INSERT INTO "resourcesets" VALUES(3,1,'micro',1.0,613.0,0.0,'f','2013-05-02 12:08:03.221117','2013-05-02 12:08:03.221117');
INSERT INTO "resourcesets" VALUES(4,1,'m1.large',4.0,7500.0,850.0,'f','2013-05-02 12:08:20.455354','2013-05-02 12:08:20.455354');
INSERT INTO "resourcesets" VALUES(5,2,'xsmall',0.5,500.0,25.0,'f','2013-05-02 12:08:45.400271','2013-05-02 12:08:45.400271');
INSERT INTO "resourcesets" VALUES(6,2,'small',1.0,1000.0,50.0,'f','2013-05-02 12:08:58.550805','2013-05-02 12:09:06.015282');
INSERT INTO "resourcesets" VALUES(7,2,'medium',2.0,2000.0,100.0,'f','2013-05-02 12:09:21.082268','2013-05-02 12:09:21.082268');
INSERT INTO "resourcesets" VALUES(11,3,'max',20.0,32000.0,1024.0,'t','2013-05-02 13:09:34.087323','2013-05-04 06:17:04.527376');
CREATE TABLE "ratesets" ("id" INTEGER PRIMARY KEY AUTOINCREMENT NOT NULL, "resourceset_id" integer, "servicetype_id" integer, "operatingsystem_id" integer, "geo_id" integer, "created_at" datetime NOT NULL, "updated_at" datetime NOT NULL);
INSERT INTO "ratesets" VALUES(1,1,2,1,1,'2013-05-02 12:29:46.018837','2013-05-02 12:29:46.018837');
INSERT INTO "ratesets" VALUES(2,1,5,1,1,'2013-05-02 12:31:45.452957','2013-05-02 12:31:45.452957');
INSERT INTO "ratesets" VALUES(3,1,6,1,1,'2013-05-02 12:32:10.936918','2013-05-02 12:32:10.936918');
INSERT INTO "ratesets" VALUES(4,2,5,1,1,'2013-05-02 12:32:28.728766','2013-05-02 12:32:28.728766');
INSERT INTO "ratesets" VALUES(5,2,6,1,1,'2013-05-02 12:32:46.174661','2013-05-02 12:32:46.174661');
INSERT INTO "ratesets" VALUES(6,2,2,1,1,'2013-05-02 12:33:11.921928','2013-05-02 12:33:11.921928');
INSERT INTO "ratesets" VALUES(7,1,2,2,1,'2013-05-02 12:33:27.678403','2013-05-02 12:33:27.678403');
INSERT INTO "ratesets" VALUES(8,1,5,2,1,'2013-05-02 12:33:53.209730','2013-05-02 12:33:53.209730');
INSERT INTO "ratesets" VALUES(9,1,6,2,1,'2013-05-02 12:34:14.746865','2013-05-02 12:34:14.746865');
INSERT INTO "ratesets" VALUES(10,2,5,2,1,'2013-05-02 12:34:39.689043','2013-05-02 12:34:39.689043');
INSERT INTO "ratesets" VALUES(11,2,6,2,1,'2013-05-02 12:35:06.903344','2013-05-02 12:35:06.903344');
INSERT INTO "ratesets" VALUES(12,2,2,2,1,'2013-05-02 12:37:05.188500','2013-05-02 12:37:05.188500');
INSERT INTO "ratesets" VALUES(13,5,2,1,4,'2013-05-02 12:42:14.238978','2013-05-02 12:42:14.238978');
INSERT INTO "ratesets" VALUES(14,5,2,1,5,'2013-05-02 12:42:27.096317','2013-05-02 12:42:27.096317');
INSERT INTO "ratesets" VALUES(15,5,3,1,5,'2013-05-02 12:42:45.648892','2013-05-02 12:42:45.648892');
INSERT INTO "ratesets" VALUES(16,5,3,1,4,'2013-05-02 12:42:53.885022','2013-05-02 12:42:53.885022');
INSERT INTO "ratesets" VALUES(17,5,8,1,4,'2013-05-02 12:43:15.417380','2013-05-02 12:43:15.417380');
INSERT INTO "ratesets" VALUES(18,5,8,1,5,'2013-05-02 12:43:21.041159','2013-05-02 12:43:21.041159');
INSERT INTO "ratesets" VALUES(19,5,5,1,5,'2013-05-02 12:43:32.510385','2013-05-02 12:43:32.510385');
INSERT INTO "ratesets" VALUES(20,5,5,1,4,'2013-05-02 12:43:37.480829','2013-05-02 12:43:37.480829');
INSERT INTO "ratesets" VALUES(21,6,2,1,4,'2013-05-02 12:43:58.121048','2013-05-02 12:43:58.121048');
INSERT INTO "ratesets" VALUES(22,6,3,1,4,'2013-05-02 12:44:10.727946','2013-05-02 12:44:10.727946');
INSERT INTO "ratesets" VALUES(23,6,3,1,5,'2013-05-02 12:44:15.962164','2013-05-02 12:44:15.962164');
INSERT INTO "ratesets" VALUES(24,6,8,1,5,'2013-05-02 12:44:26.943319','2013-05-02 12:44:26.943319');
INSERT INTO "ratesets" VALUES(25,6,8,1,4,'2013-05-02 12:44:34.897998','2013-05-02 12:44:34.897998');
INSERT INTO "ratesets" VALUES(26,6,5,1,4,'2013-05-02 12:44:46.331168','2013-05-02 12:44:46.331168');
INSERT INTO "ratesets" VALUES(27,6,5,1,5,'2013-05-02 12:44:50.382015','2013-05-02 12:44:50.382015');
INSERT INTO "ratesets" VALUES(28,6,2,1,5,'2013-05-02 12:45:46.526450','2013-05-02 12:45:46.526450');
INSERT INTO "ratesets" VALUES(29,11,3,1,2,'2013-05-02 12:46:34.032223','2013-05-02 13:21:52.135151');
INSERT INTO "ratesets" VALUES(32,11,3,1,3,'2013-05-02 13:23:21.804620','2013-05-02 13:23:21.804620');
CREATE TABLE "rates" ("id" INTEGER PRIMARY KEY AUTOINCREMENT NOT NULL, "rateset_id" integer, "item" varchar(255), "period_hour" integer, "rate" float, "created_at" datetime NOT NULL, "updated_at" datetime NOT NULL);
INSERT INTO "rates" VALUES(1,1,NULL,1,0.08,'2013-05-02 12:29:46.018837','2013-05-02 12:29:46.018837');
INSERT INTO "rates" VALUES(2,2,NULL,1,0.047,'2013-05-02 12:31:45.452957','2013-05-02 12:31:45.452957');
INSERT INTO "rates" VALUES(3,2,NULL,8760,67.0,'2013-05-02 12:31:45.452957','2013-05-02 12:31:45.452957');
INSERT INTO "rates" VALUES(4,3,NULL,1,0.037,'2013-05-02 12:32:10.936918','2013-05-02 12:32:10.936918');
INSERT INTO "rates" VALUES(5,3,NULL,26280,97.0,'2013-05-02 12:32:10.936918','2013-05-02 12:32:10.936918');
INSERT INTO "rates" VALUES(6,4,NULL,1,0.093,'2013-05-02 12:32:28.728766','2013-05-02 12:32:28.728766');
INSERT INTO "rates" VALUES(7,4,NULL,8760,133.0,'2013-05-02 12:32:28.728766','2013-05-02 12:32:28.728766');
INSERT INTO "rates" VALUES(8,5,NULL,1,0.075,'2013-05-02 12:32:46.174661','2013-05-02 12:32:46.174661');
INSERT INTO "rates" VALUES(9,5,NULL,26280,194.0,'2013-05-02 12:32:46.174661','2013-05-02 12:32:46.174661');
INSERT INTO "rates" VALUES(10,6,NULL,1,0.16,'2013-05-02 12:33:11.921928','2013-05-02 12:33:11.921928');
INSERT INTO "rates" VALUES(11,7,NULL,1,0.115,'2013-05-02 12:33:27.678403','2013-05-02 12:33:27.678403');
INSERT INTO "rates" VALUES(12,8,NULL,1,0.069,'2013-05-02 12:33:53.209730','2013-05-02 12:33:53.209730');
INSERT INTO "rates" VALUES(13,8,NULL,8760,69.0,'2013-05-02 12:33:53.209730','2013-05-02 12:33:53.209730');
INSERT INTO "rates" VALUES(14,9,NULL,1,0.059,'2013-05-02 12:34:14.746865','2013-05-02 12:34:14.746865');
INSERT INTO "rates" VALUES(15,9,NULL,26280,106.3,'2013-05-02 12:34:14.746865','2013-05-02 12:34:14.746865');
INSERT INTO "rates" VALUES(16,10,NULL,1,0.138,'2013-05-02 12:34:39.689043','2013-05-02 12:34:39.689043');
INSERT INTO "rates" VALUES(17,10,NULL,8760,138.0,'2013-05-02 12:34:39.689043','2013-05-02 12:34:39.689043');
INSERT INTO "rates" VALUES(18,11,NULL,1,0.118,'2013-05-02 12:35:06.903344','2013-05-02 12:35:06.903344');
INSERT INTO "rates" VALUES(19,11,NULL,26280,212.5,'2013-05-02 12:35:06.903344','2013-05-02 12:35:06.903344');
INSERT INTO "rates" VALUES(20,12,NULL,1,0.23,'2013-05-02 12:37:05.188500','2013-05-02 12:37:05.188500');
INSERT INTO "rates" VALUES(21,13,NULL,1,0.04,'2013-05-02 12:42:14.238978','2013-05-02 12:42:14.238978');
INSERT INTO "rates" VALUES(22,14,NULL,1,0.04,'2013-05-02 12:42:27.096317','2013-05-02 12:42:27.096317');
INSERT INTO "rates" VALUES(23,15,NULL,720,18.13,'2013-05-02 12:42:45.648892','2013-05-02 12:42:45.648892');
INSERT INTO "rates" VALUES(24,16,NULL,720,18.13,'2013-05-02 12:42:53.885022','2013-05-02 12:42:53.885022');
INSERT INTO "rates" VALUES(25,17,NULL,4320,99.69,'2013-05-02 12:43:15.417380','2013-05-02 12:43:15.417380');
INSERT INTO "rates" VALUES(26,18,NULL,4320,99.69,'2013-05-02 12:43:21.041159','2013-05-02 12:43:21.041159');
INSERT INTO "rates" VALUES(27,19,NULL,8760,181.25,'2013-05-02 12:43:32.510385','2013-05-02 12:43:32.510385');
INSERT INTO "rates" VALUES(28,20,NULL,8760,181.25,'2013-05-02 12:43:37.480829','2013-05-02 12:43:37.480829');
INSERT INTO "rates" VALUES(29,21,NULL,1,0.08,'2013-05-02 12:43:58.121048','2013-05-02 12:43:58.121048');
INSERT INTO "rates" VALUES(30,22,NULL,720,36.25,'2013-05-02 12:44:10.727946','2013-05-02 12:44:10.727946');
INSERT INTO "rates" VALUES(31,23,NULL,720,36.25,'2013-05-02 12:44:15.962164','2013-05-02 12:44:15.962164');
INSERT INTO "rates" VALUES(32,24,NULL,4320,199.38,'2013-05-02 12:44:26.943319','2013-05-02 12:44:26.943319');
INSERT INTO "rates" VALUES(33,25,NULL,4320,199.38,'2013-05-02 12:44:34.897998','2013-05-02 12:44:34.897998');
INSERT INTO "rates" VALUES(34,26,NULL,8760,362.5,'2013-05-02 12:44:46.331168','2013-05-02 12:44:46.331168');
INSERT INTO "rates" VALUES(35,27,NULL,8760,362.5,'2013-05-02 12:44:50.382015','2013-05-02 12:44:50.382015');
INSERT INTO "rates" VALUES(36,28,NULL,1,0.08,'2013-05-02 12:45:46.526450','2013-05-02 12:45:46.526450');
CREATE TABLE "images" ("id" INTEGER PRIMARY KEY AUTOINCREMENT NOT NULL, "provider_id" integer, "operatingsystem_id" integer, "imgid" varchar(255), "created_at" datetime NOT NULL, "updated_at" datetime NOT NULL);
DELETE FROM sqlite_sequence;
INSERT INTO "sqlite_sequence" VALUES('providers',3);
INSERT INTO "sqlite_sequence" VALUES('operatingsystems',2);
INSERT INTO "sqlite_sequence" VALUES('geos',5);
INSERT INTO "sqlite_sequence" VALUES('servicetypes',8);
INSERT INTO "sqlite_sequence" VALUES('resourcesets',13);
INSERT INTO "sqlite_sequence" VALUES('ratesets',34);
INSERT INTO "sqlite_sequence" VALUES('rates',36);
CREATE UNIQUE INDEX "unique_schema_migrations" ON "schema_migrations" ("version");
CREATE INDEX "index_resourcesets_on_provider_id" ON "resourcesets" ("provider_id");
CREATE INDEX "index_ratesets_on_resourceset_id" ON "ratesets" ("resourceset_id");
CREATE INDEX "index_ratesets_on_servicetype_id" ON "ratesets" ("servicetype_id");
CREATE INDEX "index_ratesets_on_operatingsystem_id" ON "ratesets" ("operatingsystem_id");
CREATE INDEX "index_ratesets_on_geo_id" ON "ratesets" ("geo_id");
CREATE INDEX "index_rates_on_rateset_id" ON "rates" ("rateset_id");
CREATE INDEX "index_images_on_provider_id" ON "images" ("provider_id");
CREATE INDEX "index_images_on_operatingsystem_id" ON "images" ("operatingsystem_id");
COMMIT;
